ID,name,createdAt,createdBy,modifiedAt,modifiedBy
23882695-cd60-4f9c-a76e-8adca94b6bc7,name-23882695,2003-10-15T00:00:00.000Z,createdBy.e7w07@example.org,2007-09-29T00:00:00.000Z,modifiedBy.e7w07@example.net
29369233-83e6-4671-b57d-69275c6ecced,name-29369233,2021-09-21T00:00:00.000Z,createdBy.hhhg1@example.org,2021-03-31T00:00:00.000Z,modifiedBy.hhhg1@example.net
29369234-e4a2-4612-ae88-16ccdae65ff8,name-29369234,2017-04-10T00:00:00.000Z,createdBy.hhhg2@example.net,2023-04-07T00:00:00.000Z,modifiedBy.hhhg2@example.org
29369235-97d8-471d-9280-a332311e86a0,name-29369235,2019-11-02T00:00:00.000Z,createdBy.hhhg3@example.net,2022-11-03T00:00:00.000Z,modifiedBy.hhhg3@example.net
29369236-295b-4045-8a82-c88a2309f783,name-29369236,2022-04-19T00:00:00.000Z,createdBy.hhhg4@example.org,2011-07-08T00:00:00.000Z,modifiedBy.hhhg4@example.org
29369237-49bb-4448-b990-e1e6e4b51526,name-29369237,2004-11-22T00:00:00.000Z,createdBy.hhhg5@example.org,2017-11-20T00:00:00.000Z,modifiedBy.hhhg5@example.net
29369238-cc13-46c7-9b7b-6f4b8105c54b,name-29369238,2014-12-29T00:00:00.000Z,createdBy.hhhg6@example.org,2006-01-31T00:00:00.000Z,modifiedBy.hhhg6@example.org
29369239-22a7-48a1-8e96-9a86513fa34a,name-29369239,2008-08-10T00:00:00.000Z,createdBy.hhhg7@example.net,2019-01-22T00:00:00.000Z,modifiedBy.hhhg7@example.net
29369240-072c-4ee2-96f3-3e5990ee2d7e,name-29369240,2022-05-20T00:00:00.000Z,createdBy.hhhg8@example.org,2012-06-20T00:00:00.000Z,modifiedBy.hhhg8@example.org
29369241-78b4-4042-b128-0244310312c3,name-29369241,2013-02-17T00:00:00.000Z,createdBy.hhhg9@example.org,2013-03-23T00:00:00.000Z,modifiedBy.hhhg9@example.com
29369242-0ff4-404f-87aa-8e39f545fb45,name-29369242,2008-02-29T00:00:00.000Z,createdBy.hhhga@example.org,2009-05-01T00:00:00.000Z,modifiedBy.hhhga@example.com
29369243-66cf-4b1c-9a35-44e862bf1692,name-29369243,2009-12-16T00:00:00.000Z,createdBy.hhhgb@example.net,2008-08-23T00:00:00.000Z,modifiedBy.hhhgb@example.org
29369244-89e6-4a8a-88d8-3a388ee70661,name-29369244,2002-06-28T00:00:00.000Z,createdBy.hhhgc@example.net,2020-08-14T00:00:00.000Z,modifiedBy.hhhgc@example.com
29369245-c61c-43d4-aa03-5ad755c651d0,name-29369245,2009-08-08T00:00:00.000Z,createdBy.hhhgd@example.com,2022-03-22T00:00:00.000Z,modifiedBy.hhhgd@example.com
29369246-9bd9-4bb8-b355-17182875f357,name-29369246,2005-10-26T00:00:00.000Z,createdBy.hhhge@example.com,2002-11-15T00:00:00.000Z,modifiedBy.hhhge@example.com
29369247-397a-4f07-bba4-f245623565ed,name-29369247,2023-09-11T00:00:00.000Z,createdBy.hhhgf@example.org,2009-01-31T00:00:00.000Z,modifiedBy.hhhgf@example.net
29369248-6466-4f90-8a7a-2527e491caac,name-29369248,2016-08-18T00:00:00.000Z,createdBy.hhhgg@example.org,2010-05-11T00:00:00.000Z,modifiedBy.hhhgg@example.com
29369249-58bf-4104-b1d5-26afe7925bed,name-29369249,2004-09-10T00:00:00.000Z,createdBy.hhhgh@example.net,2001-03-19T00:00:00.000Z,modifiedBy.hhhgh@example.com
29369250-cc62-476c-af30-28f2a0b48141,name-29369250,2010-05-30T00:00:00.000Z,createdBy.hhhgi@example.org,2015-06-21T00:00:00.000Z,modifiedBy.hhhgi@example.org
29369251-a385-40e1-a685-4ffb8462fba9,name-29369251,2022-05-22T00:00:00.000Z,createdBy.hhhgj@example.org,2000-09-12T00:00:00.000Z,modifiedBy.hhhgj@example.org
29369252-674e-4cda-9960-f80faf574f2c,name-29369252,2014-07-31T00:00:00.000Z,createdBy.hhhgk@example.com,2023-01-02T00:00:00.000Z,modifiedBy.hhhgk@example.net
29369253-d1d6-416a-b62a-67f778b51e49,name-29369253,2004-09-23T00:00:00.000Z,createdBy.hhhgl@example.net,2004-08-10T00:00:00.000Z,modifiedBy.hhhgl@example.org
29369254-1642-4147-80ff-5ef328013f78,name-29369254,2010-06-07T00:00:00.000Z,createdBy.hhhgm@example.net,2018-06-03T00:00:00.000Z,modifiedBy.hhhgm@example.com
29369255-0986-4efb-a28e-5434831cf7fa,name-29369255,2008-12-29T00:00:00.000Z,createdBy.hhhgn@example.com,2013-08-17T00:00:00.000Z,modifiedBy.hhhgn@example.com
29369256-d46c-4579-aceb-6fdb61bc0343,name-29369256,2022-02-28T00:00:00.000Z,createdBy.hhhgo@example.com,2011-04-10T00:00:00.000Z,modifiedBy.hhhgo@example.com
29369257-865e-4e5a-ba77-e969c61456be,name-29369257,2004-10-24T00:00:00.000Z,createdBy.hhhgp@example.com,2006-07-10T00:00:00.000Z,modifiedBy.hhhgp@example.net
29369258-822e-4e77-b1df-7357e712dbac,name-29369258,2006-02-12T00:00:00.000Z,createdBy.hhhgq@example.net,2005-01-08T00:00:00.000Z,modifiedBy.hhhgq@example.com
29369259-63ef-4a52-8b7f-34dbf7298510,name-29369259,2005-10-07T00:00:00.000Z,createdBy.hhhgr@example.org,2011-04-21T00:00:00.000Z,modifiedBy.hhhgr@example.net
29369260-d504-4e39-bb20-d269a90bafae,name-29369260,2020-05-11T00:00:00.000Z,createdBy.hhhgs@example.org,2017-07-28T00:00:00.000Z,modifiedBy.hhhgs@example.org
29369261-81c1-43f5-af1b-a4b87c335e2d,name-29369261,2021-11-07T00:00:00.000Z,createdBy.hhhgt@example.org,2023-11-22T00:00:00.000Z,modifiedBy.hhhgt@example.com
29369262-7de9-4392-9994-c526c57e1fda,name-29369262,2003-02-27T00:00:00.000Z,createdBy.hhhgu@example.com,2009-07-17T00:00:00.000Z,modifiedBy.hhhgu@example.net
29369263-5afd-433c-8557-870b94be5ded,name-29369263,2008-07-06T00:00:00.000Z,createdBy.hhhgv@example.net,2021-10-20T00:00:00.000Z,modifiedBy.hhhgv@example.org
29369264-8775-40d4-8337-7c49644f923a,name-29369264,2003-05-28T00:00:00.000Z,createdBy.hhhgw@example.net,2007-06-17T00:00:00.000Z,modifiedBy.hhhgw@example.net
29369265-67cb-42cd-b023-a6c6ca7f6b95,name-29369265,2010-09-11T00:00:00.000Z,createdBy.hhhgx@example.org,2003-09-02T00:00:00.000Z,modifiedBy.hhhgx@example.net
29369266-0c5e-46fc-98a4-4c0a8c4028da,name-29369266,2022-02-19T00:00:00.000Z,createdBy.hhhgy@example.org,2023-06-06T00:00:00.000Z,modifiedBy.hhhgy@example.org
29369267-210f-437a-9dbf-730755560001,name-29369267,2002-10-24T00:00:00.000Z,createdBy.hhhgz@example.com,2001-11-17T00:00:00.000Z,modifiedBy.hhhgz@example.com
29369268-96c1-4d38-952f-ca59c86aa24a,name-29369268,2003-09-04T00:00:00.000Z,createdBy.hhhh0@example.com,2008-06-07T00:00:00.000Z,modifiedBy.hhhh0@example.com
29369269-e751-4e9a-9a39-696a6adfefea,name-29369269,2009-10-05T00:00:00.000Z,createdBy.hhhh1@example.org,2010-01-01T00:00:00.000Z,modifiedBy.hhhh1@example.net
29369270-a101-4261-af24-56ff43f65a4d,name-29369270,2009-11-05T00:00:00.000Z,createdBy.hhhh2@example.net,2006-06-20T00:00:00.000Z,modifiedBy.hhhh2@example.com
29369271-273b-4e16-8dd0-3a3ea04600ec,name-29369271,2017-07-20T00:00:00.000Z,createdBy.hhhh3@example.org,2013-08-09T00:00:00.000Z,modifiedBy.hhhh3@example.org
29369272-48ad-4e31-82cc-42413661a2c7,name-29369272,2021-04-12T00:00:00.000Z,createdBy.hhhh4@example.org,2011-05-27T00:00:00.000Z,modifiedBy.hhhh4@example.net
29369273-7669-4f12-8b48-d35fa4b03791,name-29369273,2000-12-03T00:00:00.000Z,createdBy.hhhh5@example.net,2014-02-14T00:00:00.000Z,modifiedBy.hhhh5@example.net
29369274-a1ba-4da5-91fc-89257cbad57d,name-29369274,2021-11-02T00:00:00.000Z,createdBy.hhhh6@example.com,2011-07-31T00:00:00.000Z,modifiedBy.hhhh6@example.com
29369275-ac4f-43a6-999a-3c97e0d52b96,name-29369275,2013-09-04T00:00:00.000Z,createdBy.hhhh7@example.org,2010-05-05T00:00:00.000Z,modifiedBy.hhhh7@example.com
29369276-d2de-49dc-bf09-51c7da88d267,name-29369276,2006-01-05T00:00:00.000Z,createdBy.hhhh8@example.com,2010-03-08T00:00:00.000Z,modifiedBy.hhhh8@example.org
29369277-25bb-405f-8940-a5c2ee261827,name-29369277,2011-05-03T00:00:00.000Z,createdBy.hhhh9@example.com,2002-08-28T00:00:00.000Z,modifiedBy.hhhh9@example.org
29369278-6465-44cc-b759-e62160631705,name-29369278,2005-01-27T00:00:00.000Z,createdBy.hhhha@example.net,2000-04-08T00:00:00.000Z,modifiedBy.hhhha@example.net
29369279-6716-44bd-bfa0-c1b9607857cb,name-29369279,2022-08-12T00:00:00.000Z,createdBy.hhhhb@example.org,2017-10-04T00:00:00.000Z,modifiedBy.hhhhb@example.com
29369280-0acf-46ca-b270-baa2043cf579,name-29369280,2019-07-12T00:00:00.000Z,createdBy.hhhhc@example.net,2010-11-16T00:00:00.000Z,modifiedBy.hhhhc@example.org
29369281-e342-4b7f-a6dc-c859465a8626,name-29369281,2010-01-27T00:00:00.000Z,createdBy.hhhhd@example.com,2015-11-28T00:00:00.000Z,modifiedBy.hhhhd@example.net